,Median_Household_Income_2019
0,"65,712"
1000,"51,771"
1001,"58,233"
1003,"59,871"
1005,"35,972"
1007,"47,918"
1009,"52,902"
1011,"31,906"
1013,"39,944"
1015,"47,747"
1017,"42,015"
1019,"45,982"
1021,"49,692"
1023,"39,808"
1025,"43,822"
1027,"40,562"
1029,"51,276"
1031,"57,299"
1033,"46,683"
1035,"41,539"
1037,"42,024"
1039,"44,836"
1041,"43,309"
1043,"50,897"
1045,"45,120"
1047,"34,034"
1049,"44,277"
1051,"62,310"
1053,"42,712"
1055,"43,047"
1057,"44,212"
1059,"44,874"
1061,"43,089"
1063,"28,699"
1065,"40,745"
1067,"48,597"
1069,"50,138"
1071,"44,322"
1073,"54,127"
1075,"42,686"
1077,"48,188"
1079,"47,797"
1081,"54,160"
1083,"64,729"
1085,"33,930"
1087,"34,281"
1089,"68,609"
1091,"38,838"
1093,"44,675"
1095,"48,913"
1097,"49,492"
1099,"40,005"
1101,"52,711"
1103,"54,355"
1105,"29,572"
1107,"40,249"
1109,"41,271"
1111,"42,922"
1113,"43,670"
1115,"65,403"
1117,"77,801"
1119,"29,209"
1121,"47,719"
1123,"47,100"
1125,"52,307"
1127,"45,991"
1129,"48,864"
1131,"30,998"
1133,"40,827"
2000,"77,203"
2013,"66,923"
2016,"84,726"
2020,"82,512"
2050,"48,262"
2060,"87,950"
2068,"78,434"
2070,"57,436"
2090,"74,076"
2100,"62,548"
2105,"53,141"
2110,"85,419"
2122,"68,625"
2130,"75,706"
2150,"79,669"
2158,"35,369"
2164,"51,693"
2170,"75,856"
2180,"58,464"
2185,"84,784"
2188,"61,660"
2195,"71,296"
2198,"50,049"
2201,
2220,"80,660"
2230,"74,898"
2232,
2240,"69,646"
2261,"74,574"
2275,"62,496"
2280,
2282,"61,587"
2290,"42,063"
4000,"62,027"
4001,"35,386"
4003,"48,650"
4005,"58,301"
4007,"45,980"
4009,"50,685"
4011,"68,066"
4012,"39,407"
4013,"68,634"
4015,"49,712"
4017,"40,676"
4019,"56,150"
4021,"62,067"
4023,"47,779"
4025,"54,242"
4027,"47,024"
5000,"49,020"
5001,"52,539"
5003,"47,744"
5005,"41,950"
5007,"70,775"
5009,"50,083"
5011,"39,982"
5013,"48,415"
5015,"43,841"
5017,"37,014"
5019,"44,105"
5021,"40,686"
5023,"46,214"
5025,"53,773"
5027,"42,964"
5029,"46,924"
5031,"47,766"
5033,"44,600"
5035,"41,976"
5037,"45,273"
5039,"41,314"
5041,"37,005"
5043,"44,162"
5045,"58,482"
5047,"45,670"
5049,"32,926"
5051,"45,786"
5053,"58,566"
5055,"47,098"
5057,"40,867"
5059,"45,860"
5061,"41,427"
5063,"47,903"
5065,"40,233"
5067,"38,636"
5069,"40,555"
5071,"40,396"
5073,"37,164"
5075,"39,604"
5077,"30,421"
5079,"44,272"
5081,"43,257"
5083,"42,249"
5085,"62,782"
5087,"48,016"
5089,"38,760"
5091,"50,905"
5093,"39,990"
5095,"34,289"
5097,"39,591"
5099,"36,528"
5101,"37,648"
5103,"46,393"
5105,"50,560"
5107,"31,521"
5109,"44,426"
5111,"40,536"
5113,"39,722"
5115,"47,519"
5117,"46,205"
5119,"52,684"
5121,"42,875"
5123,"34,389"
5125,"66,944"
5127,"38,065"
5129,"34,712"
5131,"48,945"
5133,"43,493"
5135,"37,591"
5137,"36,930"
5139,"46,602"
5141,"38,096"
5143,"52,158"
5145,"46,388"
5147,"36,568"
5149,"44,469"
6000,"80,423"
6001,"107,589"
6003,"58,112"
6005,"62,640"
6007,"58,394"
6009,"68,248"
6011,"59,048"
6013,"106,555"
6015,"48,979"
6017,"86,202"
6019,"56,926"
6021,"55,682"
6023,"51,134"
6025,"48,102"
6027,"59,605"
6029,"53,245"
6031,"57,297"
6033,"46,897"
6035,"53,613"
6037,"72,721"
6039,"61,105"
6041,"112,069"
6043,"52,760"
6045,"52,309"
6047,"59,733"
6049,"45,311"
6051,"66,226"
6053,"76,509"
6055,"90,230"
6057,"69,550"
6059,"95,761"
6061,"97,688"
6063,"59,376"
6065,"72,905"
6067,"71,891"
6069,"84,209"
6071,"67,398"
6073,"83,576"
6075,"121,795"
6077,"68,458"
6079,"76,599"
6081,"135,234"
6083,"74,530"
6085,"132,444"
6087,"85,770"
6089,"61,464"
6091,"55,862"
6093,"45,954"
6095,"85,704"
6097,"87,084"
6099,"62,761"
6101,"60,910"
6103,"51,672"
6105,"43,881"
6107,"56,776"
6109,"64,729"
6111,"91,446"
6113,"70,951"
6115,"56,607"
8000,"77,104"
8001,"75,341"
8003,"38,213"
8005,"82,364"
8007,"57,604"
8009,"38,945"
8011,"35,764"
8013,"88,341"
8014,"106,892"
8015,"60,331"
8017,"52,337"
8019,"79,900"
8021,"40,944"
8023,"34,731"
8025,"38,224"
8027,"57,381"
8029,"51,525"
8031,"75,456"
8033,"50,232"
8035,"123,697"
8037,"89,268"
8039,"101,733"
8041,"72,675"
8043,"52,239"
8045,"73,788"
8047,"74,806"
8049,"71,029"
8051,"60,408"
8053,"61,391"
8055,"39,955"
8057,"53,577"
8059,"89,696"
8061,"46,901"
8063,"42,951"
8065,"56,850"
8067,"77,829"
8069,"75,332"
8071,"43,452"
8073,"43,077"
8075,"58,429"
8077,"60,249"
8079,"63,015"
8081,"63,232"
8083,"52,641"
8085,"50,707"
8087,"57,535"
8089,"43,723"
8091,"72,836"
8093,"77,221"
8095,"53,432"
8097,"92,820"
8099,"47,051"
8101,"51,075"
8103,"65,960"
8105,"48,496"
8107,"87,691"
8109,"37,004"
8111,"50,524"
8113,"77,209"
8115,"42,808"
8117,"86,570"
8119,"70,599"
8121,"53,263"
8123,"78,160"
8125,"52,841"
9000,"78,920"
9001,"96,966"
9003,"75,336"
9005,"81,015"
9007,"81,721"
9009,"69,687"
9011,"75,226"
9013,"90,181"
9015,"63,309"
10000,"70,348"
10001,"58,804"
10003,"76,076"
10005,"64,839"
11000,"90,395"
11001,"90,395"
12000,"59,198"
12001,"49,880"
12003,"60,454"
12005,"58,376"
12007,"47,509"
12009,"57,582"
12011,"61,429"
12013,"41,399"
12015,"54,756"
12017,"49,762"
12019,"75,776"
12021,"76,415"
12023,"47,087"
12027,"41,673"
12029,"39,793"
12031,"58,339"
12033,"52,822"
12035,"62,831"
12037,"47,504"
12039,"42,975"
12041,"46,171"
12043,"45,412"
12045,"53,228"
12047,"39,241"
12049,"41,430"
12051,"45,107"
12053,"50,705"
12055,"45,723"
12057,"61,133"
12059,"38,874"
12061,"61,173"
12063,"40,543"
12065,"47,192"
12067,"45,480"
12069,"57,660"
12071,"62,364"
12073,"55,081"
12075,"41,405"
12077,"44,236"
12079,"37,919"
12081,"64,151"
12083,"49,079"
12085,"70,806"
12086,"54,991"
12087,"67,528"
12089,"72,818"
12091,"63,520"
12093,"45,225"
12095,"63,133"
12097,"52,270"
12099,"66,621"
12101,"55,745"
12103,"56,708"
12105,"51,817"
12107,"41,986"
12109,"90,839"
12111,"57,292"
12113,"66,139"
12115,"66,258"
12117,"69,954"
12119,"63,464"
12121,"49,453"
12123,"42,987"
12125,"50,893"
12127,"53,554"
12129,"58,640"
12131,"62,600"
12133,"42,518"
13000,"61,950"
13001,"43,821"
13003,"38,581"
13005,"41,807"
13007,"39,515"
13009,"44,429"
13011,"53,481"
13013,"68,924"
13015,"60,254"
13017,"35,931"
13019,"42,058"
13021,"43,066"
13023,"48,115"
13025,"44,680"
13027,"39,554"
13029,"79,296"
13031,"48,788"
13033,"42,632"
13035,"47,410"
13037,"34,960"
13039,"58,552"
13043,"41,665"
13045,"59,193"
13047,"60,753"
13049,"42,891"
13051,"57,122"
13053,"46,106"
13055,"41,561"
13057,"88,635"
13059,"41,036"
13061,"24,732"
13063,"50,737"
13065,"42,928"
13067,"79,622"
13069,"41,675"
13071,"41,899"
13073,"88,285"
13075,"40,670"
13077,"79,232"
13079,"50,411"
13081,"40,482"
13083,"45,986"
13085,"69,155"
13087,"40,473"
13089,"63,606"
13091,"41,118"
13093,"37,109"
13095,"36,894"
13097,"62,915"
13099,"40,011"
13101,"40,408"
13103,"71,628"
13105,"40,962"
13107,"38,529"
13109,"41,425"
13111,"47,980"
13113,"94,563"
13115,"50,520"
13117,"113,332"
13119,"47,691"
13121,"79,235"
13123,"57,007"
13125,"49,350"
13127,"58,017"
13129,"53,373"
13131,"42,603"
13133,"60,973"
13135,"72,225"
13137,"51,296"
13139,"66,698"
13141,"31,715"
13143,"49,020"
13145,"74,052"
13147,"50,647"
13149,"48,984"
13151,"72,927"
13153,"65,641"
13155,"42,317"
13157,"66,645"
13159,"59,207"
13161,"40,603"
13163,"35,379"
13165,"32,808"
13167,"37,771"
13169,"56,819"
13171,"57,402"
13173,"42,667"
13175,"42,018"
13177,"72,425"
13179,"51,410"
13181,"45,299"
13183,"52,051"
13185,"46,450"
13187,"57,078"
13189,"44,473"
13191,"46,682"
13193,"34,634"
13195,"52,326"
13197,"41,190"
13199,"43,571"
13201,"41,769"
13205,"37,383"
13207,"70,488"
13209,"43,657"
13211,"67,089"
13213,"50,061"
13215,"47,035"
13217,"58,222"
13219,"100,878"
13221,"54,346"
13223,"76,580"
13225,"49,815"
13227,"66,183"
13229,"46,701"
13231,"74,905"
13233,"47,896"
13235,"42,274"
13237,"62,282"
13239,"35,522"
13241,"46,639"
13243,"33,505"
13245,"44,810"
13247,"60,281"
13249,"51,129"
13251,"42,331"
13253,"38,618"
13255,"49,237"
13257,"45,416"
13259,"34,566"
13261,"40,250"
13263,"41,045"
13265,"37,046"
13267,"41,457"
13269,"28,234"
13271,"36,264"
13273,"37,122"
13275,"47,978"
13277,"47,764"
13279,"41,442"
13281,"49,023"
13283,"37,478"
13285,"47,296"
13287,"35,400"
13289,"44,079"
13291,"57,049"
13293,"40,926"
13295,"47,548"
13297,"67,007"
13299,"37,642"
13301,"37,313"
13303,"41,674"
13305,"47,382"
13307,"41,547"
13309,"35,927"
13311,"54,786"
13313,"53,115"
13315,"38,261"
13317,"39,716"
13319,"43,902"
13321,"43,142"
15000,"83,734"
15001,"64,929"
15003,"86,946"
15007,"73,029"
15009,"77,375"
16000,"60,830"
16001,"72,295"
16003,"50,042"
16005,"53,306"
16007,"54,550"
16009,"49,303"
16011,"59,959"
16013,"75,778"
16015,"64,443"
16017,"56,729"
16019,"65,165"
16021,"50,709"
16023,"51,742"
16025,"56,014"
16027,"58,670"
16029,"61,518"
16031,"53,284"
16033,"48,726"
16035,"49,816"
16037,"49,055"
16039,"47,796"
16041,"55,421"
16043,"56,162"
16045,"53,733"
16047,"50,205"
16049,"48,866"
16051,"63,078"
16053,"56,320"
16055,"62,764"
16057,"54,999"
16059,"46,062"
16061,"45,342"
16063,"50,608"
16065,"46,177"
16067,"56,173"
16069,"67,645"
16071,"55,833"
16073,"48,395"
16075,"53,643"
16077,"50,981"
16079,"39,239"
16081,"73,637"
16083,"56,141"
16085,"64,041"
16087,"45,813"
17000,"69,212"
17001,"55,942"
17003,"37,408"
17005,"53,447"
17007,"72,426"
17009,"60,254"
17011,"57,935"
17013,"63,373"
17015,"56,468"
17017,"51,011"
17019,"53,485"
17021,"51,573"
17023,"58,323"
17025,"49,377"
17027,"67,201"
17029,"50,467"
17031,"69,375"
17033,"50,352"
17035,"53,991"
17037,"64,676"
17039,"59,521"
17041,"64,283"
17043,"96,354"
17045,"51,333"
17047,"54,930"
17049,"58,943"
17051,"48,913"
17053,"55,369"
17055,"43,695"
17057,"50,461"
17059,"46,515"
17061,"52,116"
17063,"83,135"
17065,"51,031"
17067,"53,724"
17069,"44,573"
17071,"55,535"
17073,"61,680"
17075,"51,542"
17077,"37,308"
17079,"59,980"
17081,"50,531"
17083,"63,351"
17085,"62,522"
17087,"55,022"
17089,"84,311"
17091,"60,763"
17093,"105,586"
17095,"43,404"
17097,"92,638"
17099,"59,528"
17101,"47,114"
17103,"57,619"
17105,"54,422"
17107,"53,806"
17109,"49,048"
17111,"89,379"
17113,"69,230"
17115,"52,259"
17117,"54,174"
17119,"66,591"
17121,"52,291"
17123,"63,628"
17125,"51,967"
17127,"54,159"
17129,"77,306"
17131,"62,241"
17133,"90,904"
17135,"51,665"
17137,"55,937"
17139,"65,472"
17141,"63,565"
17143,"57,717"
17145,"56,880"
17147,"72,265"
17149,"54,309"
17151,"46,478"
17153,"38,506"
17155,"74,367"
17157,"58,444"
17159,"49,775"
17161,"57,772"
17163,"57,726"
17165,"48,547"
17167,"61,768"
17169,"56,015"
17171,"61,231"
17173,"61,376"
17175,"54,804"
17177,"51,786"
17179,"66,206"
17181,"51,575"
17183,"46,295"
17185,"54,249"
17187,"53,621"
17189,"64,297"
17191,"51,829"
17193,"51,388"
17195,"50,880"
17197,"90,249"
17199,"56,958"
17201,"59,510"
17203,"77,117"
18000,"57,617"
18001,"53,532"
18003,"56,838"
18005,"71,181"
18007,"55,016"
18009,"46,811"
18011,"84,137"
18013,"59,617"
18015,"58,965"
18017,"51,777"
18019,"59,441"
18021,"54,349"
18023,"55,336"
18025,"44,332"
18027,"56,611"
18029,"71,351"
18031,"60,891"
18033,"59,714"
18035,"45,912"
18037,"63,869"
18039,"55,782"
18041,"48,499"
18043,"64,614"
18045,"55,337"
18047,"67,315"
18049,"55,011"
18051,"61,872"
18053,"47,509"
18055,"51,918"
18057,"107,710"
18059,"77,905"
18061,"64,270"
18063,"85,827"
18065,"49,293"
18067,"54,048"
18069,"54,565"
18071,"59,472"
18073,"65,352"
18075,"49,447"
18077,"53,378"
18079,"55,022"
18081,"74,427"
18083,"48,760"
18085,"64,677"
18087,"70,746"
18089,"57,280"
18091,"56,427"
18093,"56,261"
18095,"54,145"
18097,"50,707"
18099,"53,695"
18101,"56,735"
18103,"53,658"
18105,"53,113"
18107,"54,366"
18109,"63,414"
18111,"61,457"
18113,"60,980"
18115,"58,294"
18117,"47,931"
18119,"53,387"
18121,"51,554"
18123,"53,908"
18125,"52,378"
18127,"74,064"
18129,"68,435"
18131,"52,432"
18133,"64,098"
18135,"50,496"
18137,"61,219"
18139,"54,371"
18141,"53,881"
18143,"50,571"
18145,"59,798"
18147,"59,183"
18149,"54,001"
18151,"59,444"
18153,"53,375"
18155,"52,482"
18157,"51,228"
18159,"69,960"
18161,"53,866"
18163,"51,603"
18165,"50,723"
18167,"48,082"
18169,"59,874"
18171,"64,109"
18173,"79,644"
18175,"51,948"
18177,"47,885"
18179,"61,636"
18181,"58,295"
18183,"67,347"
19000,"61,807"
19001,"57,977"
19003,"53,385"
19005,"56,240"
19007,"41,672"
19009,"53,197"
19011,"70,023"
19013,"60,010"
19015,"63,975"
19017,"67,229"
19019,"67,906"
19021,"57,048"
19023,"57,080"
19025,"57,007"
19027,"61,379"
19029,"53,692"
19031,"71,029"
19033,"54,589"
19035,"59,901"
19037,"60,111"
19039,"57,708"
19041,"57,174"
19043,"53,223"
19045,"56,865"
19047,"58,077"
19049,"97,535"
19051,"57,150"
19053,"44,873"
19055,"70,091"
19057,"53,547"
19059,"66,211"
19061,"62,481"
19063,"55,635"
19065,"53,142"
19067,"55,369"
19069,"55,847"
19071,"60,498"
19073,"55,562"
19075,"73,683"
19077,"64,965"
19079,"63,234"
19081,"62,030"
19083,"57,103"
19085,"63,901"
19087,"57,747"
19089,"58,028"
19091,"56,695"
19093,"58,249"
19095,"66,861"
19097,"57,687"
19099,"67,317"
19101,"51,741"
19103,"67,295"
19105,"63,399"
19107,"54,937"
19109,"59,568"
19111,"51,089"
19113,"64,783"
19115,"60,544"
19117,"53,085"
19119,"66,139"
19121,"72,578"
19123,"59,242"
19125,"66,381"
19127,"55,631"
19129,"72,679"
19131,"61,247"
19133,"53,104"
19135,"56,397"
19137,"52,715"
19139,"61,767"
19141,"60,298"
19143,"60,702"
19145,"52,179"
19147,"55,074"
19149,"69,165"
19151,"56,146"
19153,"67,331"
19155,"60,322"
19157,"57,741"
19159,"50,890"
19161,"59,392"
19163,"65,724"
19165,"60,498"
19167,"71,566"
19169,"64,151"
19171,"56,281"
19173,"51,510"
19175,"52,914"
19177,"50,425"
19179,"50,533"
19181,"79,557"
19183,"63,230"
19185,"49,962"
19187,"53,344"
19189,"50,258"
19191,"65,482"
19193,"58,419"
19195,"60,139"
19197,"54,251"
20000,"62,028"
20001,"46,690"
20003,"51,352"
20005,"51,860"
20007,"50,660"
20009,"50,754"
20011,"47,452"
20013,"47,558"
20015,"66,199"
20017,"51,022"
20019,"43,664"
20021,"47,682"
20023,"47,323"
20025,"59,085"
20027,"52,781"
20029,"46,299"
20031,"62,715"
20033,"47,854"
20035,"51,537"
20037,"42,723"
20039,"46,878"
20041,"58,066"
20043,"52,596"
20045,"62,559"
20047,"49,047"
20049,"41,930"
20051,"51,237"
20053,"56,988"
20055,"57,412"
20057,"54,604"
20059,"55,984"
20061,"58,978"
20063,"52,986"
20065,"48,912"
20067,"65,178"
20069,"69,077"
20071,"58,492"
20073,"44,876"
20075,"55,857"
20077,"47,540"
20079,"62,961"
20081,"62,477"
20083,"58,360"
20085,"60,615"
20087,"68,549"
20089,"46,017"
20091,"91,913"
20093,"67,301"
20095,"56,907"
20097,"49,588"
20099,"44,170"
20101,"60,315"
20103,"75,840"
20105,"47,557"
20107,"62,876"
20109,"53,538"
20111,"49,840"
20113,"65,834"
20115,"51,771"
20117,"55,858"
20119,"64,640"
20121,"74,428"
20123,"51,979"
20125,"44,240"
20127,"54,775"
20129,"56,175"
20131,"63,373"
20133,"49,533"
20135,"54,727"
20137,"49,739"
20139,"55,655"
20141,"46,351"
20143,"58,729"
20145,"65,141"
20147,"51,546"
20149,"73,685"
20151,"53,980"
20153,"50,768"
20155,"53,371"
20157,"47,082"
20159,"56,350"
20161,"51,996"
20163,"49,485"
20165,"53,189"
20167,"46,112"
20169,"56,741"
20171,"62,914"
20173,"60,014"
20175,"55,727"
20177,"59,451"
20179,"54,627"
20181,"54,000"
20183,"45,915"
20185,"51,007"
20187,"63,401"
20189,"61,264"
20191,"53,618"
20193,"58,652"
20195,"52,597"
20197,"66,168"
20199,"54,714"
20201,"46,263"
20203,"54,009"
20205,"46,243"
20207,"43,751"
20209,"47,292"
21000,"52,256"
21001,"37,650"
21003,"47,307"
21005,"61,308"
21007,"48,053"
21009,"44,859"
21011,"42,248"
21013,"30,940"
21015,"78,806"
21017,"47,046"
21019,"50,017"
21021,"53,644"
21023,"53,289"
21025,"33,407"
21027,"46,069"
21029,"66,335"
21031,"46,305"
21033,"44,144"
21035,"45,574"
21037,"66,520"
21039,"49,659"
21041,"51,672"
21043,"43,492"
21045,"34,751"
21047,"46,390"
21049,"55,428"
21051,"30,175"
21053,"34,005"
21055,"44,595"
21057,"34,897"
21059,"52,620"
21061,"47,482"
21063,"34,262"
21065,"35,004"
21067,"58,981"
21069,"43,943"
21071,"35,828"
21073,"58,917"
21075,"34,376"
21077,"55,273"
21079,"51,757"
21081,"55,210"
21083,"48,038"
21085,"43,771"
21087,"38,896"
21089,"52,179"
21091,"60,626"
21093,"57,711"
21095,"30,050"
21097,"51,475"
21099,"42,718"
21101,"53,199"
21103,"51,806"
21105,"52,331"
21107,"48,769"
21109,"34,940"
21111,"59,025"
21113,"62,533"
21115,"31,202"
21117,"68,692"
21119,"32,613"
21121,"31,634"
21123,"49,785"
21125,"44,033"
21127,"38,055"
21129,"30,905"
21131,"32,202"
21133,"32,435"
21135,"37,410"
21137,"43,220"
21139,"50,521"
21141,"48,902"
21143,"52,978"
21145,"48,219"
21147,"32,701"
21149,"51,184"
21151,"50,316"
21153,"32,045"
21155,"48,062"
21157,"57,945"
21159,"34,291"
21161,"47,861"
21163,"54,946"
21165,"37,457"
21167,"55,267"
21169,"38,978"
21171,"36,512"
21173,"52,903"
21175,"37,433"
21177,"45,049"
21179,"64,795"
21181,"38,084"
21183,"47,542"
21185,"101,152"
21187,"51,494"
21189,"28,727"
21191,"58,962"
21193,"38,000"
21195,"36,875"
21197,"41,760"
21199,"43,568"
21201,"47,017"
21203,"40,790"
21205,"44,068"
21207,"44,056"
21209,"74,719"
21211,"71,737"
21213,"52,931"
21215,"79,863"
21217,"48,485"
21219,"47,742"
21221,"49,955"
21223,"58,998"
21225,"49,870"
21227,"53,238"
21229,"51,286"
21231,"34,449"
21233,"49,079"
21235,"38,191"
21237,"32,773"
21239,"67,815"
22000,"51,108"
22001,"44,728"
22003,"47,111"
22005,"83,072"
22007,"51,763"
22009,"38,316"
22011,"55,343"
22013,"37,198"
22015,"54,080"
22017,"45,613"
22019,"53,050"
22021,"44,007"
22023,"60,317"
22025,"36,794"
22027,"36,497"
22029,"36,276"
22031,"47,347"
22033,"56,303"
22035,"29,943"
22037,"50,041"
22039,"35,146"
22041,"35,484"
22043,"49,544"
22045,"47,731"
22047,"55,198"
22049,"43,232"
22051,"55,909"
22053,"47,988"
22055,"60,053"
22057,"54,145"
22059,"51,014"
22061,"41,608"
22063,"63,852"
22065,"32,229"
22067,"34,922"
22069,"49,536"
22071,"45,092"
22073,"43,235"
22075,"60,795"
22077,"48,011"
22079,"49,687"
22081,"39,806"
22083,"39,586"
22085,"45,486"
22087,"45,806"
22089,"71,579"
22091,"43,376"
22093,"57,250"
22095,"54,944"
22097,"39,599"
22099,"47,247"
22101,"40,918"
22103,"71,526"
22105,"47,860"
22107,"31,436"
22109,"51,719"
22111,"44,617"
22113,"50,193"
22115,"51,652"
22117,"35,505"
22119,"38,386"
22121,"65,344"
22123,"42,614"
22125,"65,296"
22127,"43,166"
23000,"58,824"
23001,"58,958"
23003,"40,675"
23005,"75,254"
23007,"51,136"
23009,"58,926"
23011,"55,358"
23013,"55,910"
23015,"58,619"
23017,"50,344"
23019,"50,702"
23021,"43,509"
23023,"65,841"
23025,"45,333"
23027,"51,073"
23029,"39,068"
23031,"66,803"
24000,"86,644"
24001,"48,170"
24003,"100,916"
24005,"76,972"
24009,"111,056"
24011,"60,143"
24013,"101,810"
24015,"75,307"
24017,"102,510"
24019,"48,709"
24021,"102,951"
24023,"59,253"
24025,"91,492"
24027,"121,329"
24029,"65,615"
24031,"110,012"
24033,"85,357"
24035,"101,350"
24037,"89,123"
24039,"38,731"
24041,"75,714"
24043,"59,785"
24045,"54,351"
24047,"65,821"
24510,"49,780"
25000,"85,700"
25001,"82,686"
25003,"58,805"
25005,"69,857"
25007,"76,036"
25009,"83,253"
25011,"60,143"
25013,"59,918"
25015,"74,142"
25017,"106,543"
25019,"96,030"
25021,"106,851"
25023,"90,584"
25025,"75,843"
25027,"77,795"
26000,"59,522"
26001,"41,491"
26003,"52,285"
26005,"66,568"
26007,"43,676"
26009,"58,317"
26011,"44,017"
26013,"48,371"
26015,"67,703"
26017,"50,130"
26019,"56,934"
26021,"50,659"
26023,"52,255"
26025,"50,205"
26027,"55,029"
26029,"58,831"
26031,"47,876"
26033,"49,610"
26035,"42,480"
26037,"72,666"
26039,"49,114"
26041,"48,880"
26043,"53,751"
26045,"65,891"
26047,"59,456"
26049,"50,554"
26051,"46,458"
26053,"39,030"
26055,"65,041"
26057,"51,046"
26059,"50,015"
26061,"45,006"
26063,"49,126"
26065,"54,704"
26067,"59,582"
26069,"43,605"
26071,"46,814"
26073,"46,677"
26075,"56,001"
26077,"56,739"
26079,"47,620"
26081,"66,560"
26083,"47,318"
26085,"38,044"
26087,"66,415"
26089,"72,888"
26091,"55,466"
26093,"87,827"
26095,"45,464"
26097,"44,986"
26099,"65,051"
26101,"50,047"
26103,"54,913"
26105,"49,869"
26107,"47,705"
26109,"49,189"
26111,"69,859"
26113,"51,317"
26115,"64,341"
26117,"52,089"
26119,"40,126"
26121,"50,730"
26123,"51,772"
26125,"81,257"
26127,"52,319"
26129,"41,347"
26131,"45,531"
26133,"47,343"
26135,"44,594"
26137,"52,392"
26139,"69,827"
26141,"47,339"
26143,"42,546"
26145,"48,471"
26147,"60,208"
26149,"54,024"
26151,"49,917"
26153,"50,256"
26155,"55,633"
26157,"52,342"
26159,"58,733"
26161,"76,728"
26163,"50,753"
26165,"53,146"
27000,"74,529"
27001,"51,936"
27003,"83,363"
27005,"61,311"
27007,"54,638"
27009,"63,395"
27011,"52,692"
27013,"60,408"
27015,"62,904"
27017,"65,749"
27019,"101,891"
27021,"54,267"
27023,"54,984"
27025,"84,811"
27027,"64,874"
27029,"54,896"
27031,"58,664"
27033,"53,725"
27035,"60,384"
27037,"89,075"
27039,"86,436"
27041,"67,592"
27043,"54,193"
27045,"62,716"
27047,"56,716"
27049,"71,497"
27051,"55,247"
27053,"82,323"
27055,"64,920"
27057,"56,064"
27059,"77,963"
27061,"58,660"
27063,"57,915"
27065,"63,595"
27067,"64,129"
27069,"62,762"
27071,"52,545"
27073,"56,825"
27075,"61,082"
27077,"56,244"
27079,"75,519"
27081,"55,328"
27083,"63,849"
27085,"64,380"
27087,"46,702"
27089,"59,793"
27091,"54,602"
27093,"63,812"
27095,"59,262"
27097,"61,847"
27099,"55,276"
27101,"61,007"
27103,"71,067"
27105,"57,300"
27107,"53,961"
27109,"80,631"
27111,"59,901"
27113,"55,870"
27115,"55,684"
27117,"55,405"
27119,"60,582"
27121,"59,442"
27123,"68,652"
27125,"58,384"
27127,"60,097"
27129,"59,110"
27131,"72,438"
27133,"63,451"
27135,"62,924"
27137,"60,228"
27139,"108,718"
27141,"95,323"
27143,"66,757"
27145,"66,449"
27147,"68,603"
27149,"59,045"
27151,"60,127"
27153,"51,746"
27155,"57,602"
27157,"63,435"
27159,"50,663"
27161,"63,907"
27163,"100,857"
27165,"57,290"
27167,"69,890"
27169,"64,219"
27171,"91,374"
27173,"61,074"
28000,"45,928"
28001,"34,583"
28003,"43,496"
28005,"41,575"
28007,"36,905"
28009,"37,875"
28011,"30,309"
28013,"38,648"
28015,"44,885"
28017,"37,533"
28019,"41,146"
28021,"31,221"
28023,"42,826"
28025,"33,653"
28027,"30,242"
28029,"42,299"
28031,"42,076"
28033,"67,450"
28035,"40,224"
28037,"41,420"
28039,"51,858"
28041,"48,641"
28043,"40,561"
28045,"50,401"
28047,"49,619"
28049,"44,773"
28051,"26,348"
28053,"28,464"
28055,"30,944"
28057,"49,214"
28059,"53,414"
28061,"40,923"
28063,"30,871"
28065,"32,077"
28067,"41,733"
28069,"33,472"
28071,"54,034"
28073,"62,606"
28075,"41,604"
28077,"43,668"
28079,"41,007"
28081,"50,803"
28083,"29,687"
28085,"45,062"
28087,"49,251"
28089,"70,824"
28091,"38,402"
28093,"43,107"
28095,"42,464"
28097,"38,475"
28099,"41,795"
28101,"42,962"
28103,"32,916"
28105,"41,631"
28107,"40,655"
28109,"45,874"
28111,"43,106"
28113,"35,044"
28115,"48,910"
28117,"43,465"
28119,"29,318"
28121,"67,284"
28123,"41,532"
28125,"31,138"
28127,"47,664"
28129,"46,296"
28131,"47,187"
28133,"32,948"
28135,"31,915"
28137,"50,188"
28139,"44,696"
28141,"43,341"
28143,"33,993"
28145,"49,320"
28147,"35,465"
28149,"46,606"
28151,"31,018"
28153,"39,036"
28155,"46,110"
28157,"32,612"
28159,"37,596"
28161,"40,515"
28163,"34,817"
29000,"57,375"
29001,"43,044"
29003,"62,823"
29005,"50,516"
29007,"45,609"
29009,"47,155"
29011,"46,397"
29013,"48,442"
29015,"42,144"
29017,"45,868"
29019,"58,029"
29021,"49,216"
29023,"41,327"
29025,"52,872"
29027,"58,720"
29029,"51,460"
29031,"57,618"
29033,"50,628"
29035,"36,383"
29037,"73,882"
29039,"38,427"
29041,"50,589"
29043,"63,400"
29045,"46,001"
29047,"70,705"
29049,"64,541"
29051,"61,847"
29053,"56,957"
29055,"48,315"
29057,"42,421"
29059,"42,389"
29061,"48,197"
29063,"53,997"
29065,"45,540"
29067,"39,773"
29069,"38,880"
29071,"61,428"
29073,"53,751"
29075,"53,663"
29077,"45,313"
29079,"44,323"
29081,"43,016"
29083,"46,995"
29085,"32,934"
29087,"47,429"
29089,"49,923"
29091,"40,177"
29093,"39,292"
29095,"57,907"
29097,"46,021"
29099,"68,779"
29101,"58,396"
29103,"41,755"
29105,"43,969"
29107,"62,264"
29109,"45,746"
29111,"40,782"
29113,"69,178"
29115,"45,774"
29117,"49,065"
29119,"39,615"
29121,"45,717"
29123,"43,919"
29125,"49,712"
29127,"50,803"
29129,"44,343"
29131,"49,252"
29133,"36,802"
29135,"57,321"
29137,"48,399"
29139,"50,282"
29141,"44,473"
29143,"42,115"
29145,"53,251"
29147,"47,419"
29149,"35,356"
29151,"60,728"
29153,"36,019"
29155,"34,280"
29157,"57,032"
29159,"48,516"
29161,"46,573"
29163,"49,089"
29165,"84,456"
29167,"44,837"
29169,"55,620"
29171,"42,434"
29173,"63,419"
29175,"48,043"
29177,"61,678"
29179,"37,415"
29181,"35,788"
29183,"89,236"
29185,"39,319"
29186,"61,662"
29187,"43,886"
29189,"70,161"
29195,"47,324"
29197,"43,183"
29199,"46,871"
29201,"44,924"
29203,"36,477"
29205,"45,939"
29207,"42,363"
29209,"50,262"
29211,"43,421"
29213,"49,314"
29215,"38,914"
29217,"46,182"
29219,"63,726"
29221,"41,198"
29223,"35,397"
29225,"54,844"
29227,"45,023"
29229,"39,384"
29510,"46,309"
30000,"57,248"
30001,"49,771"
30003,"43,718"
30005,"44,090"
30007,"60,622"
30009,"57,585"
30011,"49,057"
30013,"51,732"
30015,"48,017"
30017,"49,379"
30019,"50,001"
30021,"56,677"
30023,"41,780"
30025,"65,651"
30027,"48,703"
30029,"61,334"
30031,"73,731"
30033,"43,106"
30035,"41,808"
30037,"40,469"
30039,"49,646"
30041,"51,881"
30043,"70,929"
30045,"49,401"
30047,"49,019"
30049,"66,075"
30051,"41,240"
30053,"43,669"
30055,"48,551"
30057,"56,579"
30059,"43,946"
30061,"43,928"
30063,"57,279"
30065,"48,290"
30067,"51,740"
30069,"42,081"
30071,"47,679"
30073,"48,542"
30075,"47,843"
30077,"49,387"
30079,"46,663"
30081,"57,209"
30083,"69,095"
30085,"38,409"
30087,"58,139"
30089,"45,193"
30091,"51,111"
30093,"49,249"
30095,"68,186"
30097,"55,259"
30099,"54,458"
30101,"49,448"
30103,"51,754"
30105,"51,869"
30107,"42,059"
30109,"51,145"
30111,"61,435"
31000,"63,290"
31001,"55,182"
31003,"50,771"
31005,"46,417"
31007,"54,706"
31009,"45,411"
31011,"58,204"
31013,"61,522"
31015,"46,548"
31017,"48,843"
31019,"64,759"
31021,"54,554"
31023,"63,310"
31025,"72,915"
31027,"60,400"
31029,"57,656"
31031,"50,677"
31033,"56,229"
31035,"63,829"
31037,"62,472"
31039,"59,505"
31041,"51,004"
31043,"61,010"
31045,"46,377"
31047,"56,839"
31049,"48,793"
31051,"57,324"
31053,"60,853"
31055,"67,264"
31057,"45,446"
31059,"60,440"
31061,"49,659"
31063,"55,712"
31065,"50,705"
31067,"56,817"
31069,"41,158"
31071,"52,707"
31073,"64,870"
31075,"60,773"
31077,"48,178"
31079,"57,371"
31081,"68,236"
31083,"53,362"
31085,"46,399"
31087,"49,451"
31089,"54,474"
31091,"50,093"
31093,"56,881"
31095,"56,740"
31097,"54,567"
31099,"64,461"
31101,"51,478"
31103,"46,010"
31105,"52,284"
31107,"53,676"
31109,"61,383"
31111,"60,924"
31113,"53,108"
31115,"51,559"
31117,"52,033"
31119,"58,275"
31121,"53,411"
31123,"49,982"
31125,"55,853"
31127,"55,343"
31129,"48,624"
31131,"66,293"
31133,"47,006"
31135,"63,443"
31137,"61,420"
31139,"67,465"
31141,"62,804"
31143,"66,462"
31145,"50,260"
31147,"50,207"
31149,"53,905"
31151,"59,937"
31153,"84,016"
31155,"71,086"
31157,"50,263"
31159,"72,291"
31161,"46,159"
31163,"48,735"
31165,"47,983"
31167,"62,045"
31169,"52,439"
31171,"51,401"
31173,"48,891"
31175,"47,981"
31177,"75,197"
31179,"57,655"
31181,"49,518"
31183,"50,207"
31185,"59,749"
32000,"63,268"
32001,"56,335"
32003,"62,131"
32005,"76,296"
32007,"83,287"
32009,"50,675"
32011,"71,541"
32013,"73,106"
32015,"81,239"
32017,"58,782"
32019,"59,406"
32021,"43,771"
32023,"48,490"
32027,"58,562"
32029,"88,003"
32031,"71,733"
32033,"60,086"
32510,"58,126"
33000,"78,571"
33001,"68,752"
33003,"64,495"
33005,"65,326"
33007,"49,156"
33009,"62,468"
33011,"82,862"
33013,"75,800"
33015,"91,416"
33017,"71,486"
33019,"63,518"
34000,"85,786"
34001,"62,678"
34003,"107,971"
34005,"88,443"
34007,"73,168"
34009,"66,565"
34011,"54,179"
34013,"64,522"
34015,"87,996"
34017,"77,738"
34019,"117,275"
34021,"79,475"
34023,"92,770"
34025,"102,579"
34027,"116,328"
34029,"75,627"
34031,"76,039"
34033,"68,146"
34035,"112,722"
34037,"100,281"
34039,"79,953"
34041,"83,998"
35000,"52,021"
35001,"56,148"
35003,"37,190"
35005,"43,687"
35006,"40,436"
35007,"42,754"
35009,"45,623"
35011,"34,746"
35013,"43,618"
35015,"63,671"
35017,"43,175"
35019,"36,554"
35021,"38,162"
35023,"37,322"
35025,"63,012"
35027,"47,254"
35028,"122,001"
35029,"32,544"
35031,"36,404"
35033,"36,968"
35035,"43,135"
35037,"34,596"
35039,"44,579"
35041,"44,928"
35043,"71,118"
35045,"46,201"
35047,"36,986"
35049,"61,791"
35051,"33,661"
35053,"39,582"
35055,"43,032"
35057,"39,532"
35059,"38,221"
35061,"54,867"
36000,"72,038"
36001,"69,408"
36003,"49,411"
36005,"41,470"
36007,"52,179"
36009,"50,783"
36011,"58,055"
36013,"50,143"
36015,"58,400"
36017,"51,894"
36019,"59,069"
36021,"71,563"
36023,"55,143"
36025,"51,038"
36027,"84,564"
36029,"60,620"
36031,"55,091"
36033,"48,943"
36035,"50,061"
36037,"62,570"
36039,"54,746"
36041,"60,148"
36043,"55,778"
36045,"53,829"
36047,"66,501"
36049,"56,599"
36051,"60,268"
36053,"61,713"
36055,"62,159"
36057,"52,092"
36059,"117,767"
36061,"93,007"
36063,"56,371"
36065,"56,516"
36067,"61,597"
36069,"66,754"
36071,"83,188"
36073,"53,115"
36075,"57,640"
36077,"52,414"
36079,"105,600"
36081,"72,975"
36083,"70,688"
36085,"86,624"
36087,"99,831"
36089,"51,742"
36091,"89,071"
36093,"64,960"
36095,"58,927"
36097,"52,215"
36099,"51,064"
36101,"53,167"
36103,"105,241"
36105,"58,851"
36107,"60,699"
36109,"59,176"
36111,"64,090"
36113,"63,240"
36115,"56,897"
36117,"61,989"
36119,"101,741"
36121,"58,214"
36123,"60,612"
37000,"57,388"
37001,"57,963"
37003,"54,960"
37005,"41,420"
37007,"40,826"
37009,"41,542"
37011,"45,823"
37013,"49,410"
37015,"37,899"
37017,"42,260"
37019,"63,712"
37021,"55,448"
37023,"47,890"
37025,"72,071"
37027,"48,512"
37029,"69,610"
37031,"60,058"
37033,"51,240"
37035,"53,688"
37037,"70,258"
37039,"42,764"
37041,"47,126"
37043,"47,116"
37045,"46,012"
37047,"39,531"
37049,"53,372"
37051,"46,599"
37053,"70,699"
37055,"63,033"
37057,"53,924"
37059,"63,828"
37061,"44,929"
37063,"65,541"
37065,"40,784"
37067,"53,054"
37069,"57,371"
37071,"56,542"
37073,"54,204"
37075,"45,813"
37077,"54,300"
37079,"44,648"
37081,"55,820"
37083,"38,727"
37085,"55,619"
37087,"51,612"
37089,"61,651"
37091,"42,374"
37093,"48,420"
37095,"43,112"
37097,"68,308"
37099,"47,759"
37101,"62,835"
37103,"46,275"
37105,"53,114"
37107,"39,947"
37109,"70,479"
37111,"46,370"
37113,"46,279"
37115,"50,062"
37117,"39,413"
37119,"69,455"
37121,"47,675"
37123,"46,497"
37125,"63,942"
37127,"50,902"
37129,"57,252"
37131,"39,777"
37133,"50,645"
37135,"74,314"
37137,"52,522"
37139,"51,245"
37141,"60,405"
37143,"50,804"
37145,"54,553"
37147,"52,961"
37149,"53,405"
37151,"50,129"
37153,"40,518"
37155,"36,366"
37157,"44,686"
37159,"52,051"
37161,"44,547"
37163,"45,997"
37165,"39,197"
37167,"58,303"
37169,"52,356"
37171,"48,637"
37173,"46,075"
37175,"55,628"
37177,"37,680"
37179,"86,138"
37181,"40,450"
37183,"84,377"
37185,"37,027"
37187,"40,157"
37189,"51,630"
37191,"45,634"
37193,"45,250"
37195,"42,414"
37197,"50,929"
37199,"47,664"
38000,"67,402"
38001,"55,880"
38003,"60,689"
38005,"45,709"
38007,"69,528"
38009,"62,904"
38011,"65,411"
38013,"67,545"
38015,"73,565"
38017,"63,977"
38019,"63,484"
38021,"57,490"
38023,"61,506"
38025,"75,723"
38027,"54,465"
38029,"53,073"
38031,"54,917"
38033,"58,370"
38035,"57,388"
38037,"41,841"
38039,"56,527"
38041,"54,600"
38043,"50,570"
38045,"56,059"
38047,"51,496"
38049,"59,661"
38051,"47,349"
38053,"86,890"
38055,"67,453"
38057,"83,341"
38059,"68,051"
38061,"69,040"
38063,"56,098"
38065,"72,919"
38067,"59,970"
38069,"56,753"
38071,"60,710"
38073,"66,422"
38075,"84,986"
38077,"62,837"
38079,"45,296"
38081,"67,551"
38083,"58,725"
38085,"37,133"
38087,"52,695"
38089,"68,759"
38091,"67,661"
38093,"60,297"
38095,"53,024"
38097,"69,443"
38099,"59,153"
38101,"68,634"
38103,"56,167"
38105,"84,606"
39000,"58,704"
39001,"43,145"
39003,"58,271"
39005,"52,554"
39007,"47,388"
39009,"43,621"
39011,"64,227"
39013,"50,166"
39015,"58,441"
39017,"68,611"
39019,"56,999"
39021,"62,077"
39023,"50,832"
39025,"68,724"
39027,"52,870"
39029,"52,693"
39031,"49,679"
39033,"49,484"
39035,"52,503"
39037,"56,824"
39039,"60,918"
39041,"110,252"
39043,"60,790"
39045,"71,782"
39047,"51,023"
39049,"64,648"
39051,"64,334"
39053,"48,094"
39055,"79,865"
39057,"69,709"
39059,"48,283"
39061,"60,251"
39063,"62,720"
39065,"51,155"
39067,"50,137"
39069,"61,351"
39071,"47,126"
39073,"51,016"
39075,"62,596"
39077,"56,704"
39079,"50,671"
39081,"47,652"
39083,"59,957"
39085,"65,040"
39087,"46,433"
39089,"66,321"
39091,"60,624"
39093,"59,201"
39095,"49,924"
39097,"65,696"
39099,"48,018"
39101,"51,479"
39103,"78,540"
39105,"43,754"
39107,"67,075"
39109,"63,524"
39111,"48,231"
39113,"54,704"
39115,"46,883"
39117,"59,498"
39119,"52,105"
39121,"50,788"
39123,"63,352"
39125,"58,100"
39127,"51,875"
39129,"63,931"
39131,"46,255"
39133,"57,439"
39135,"62,128"
39137,"73,454"
39139,"51,883"
39141,"54,728"
39143,"58,415"
39145,"45,410"
39147,"55,664"
39149,"64,304"
39151,"55,623"
39153,"57,753"
39155,"47,966"
39157,"54,150"
39159,"91,597"
39161,"55,361"
39163,"46,301"
39165,"91,645"
39167,"52,565"
39169,"58,747"
39171,"54,239"
39173,"64,723"
39175,"61,733"
40000,"54,447"
40001,"39,589"
40003,"57,497"
40005,"41,872"
40007,"55,397"
40009,"50,512"
40011,"50,574"
40013,"44,074"
40015,"45,755"
40017,"75,111"
40019,"51,895"
40021,"45,544"
40023,"37,131"
40025,"47,602"
40027,"64,706"
40029,"41,273"
40031,"51,184"
40033,"46,450"
40035,"42,978"
40037,"54,737"
40039,"51,803"
40041,"44,602"
40043,"56,316"
40045,"54,013"
40047,"58,381"
40049,"46,786"
40051,"63,647"
40053,"60,303"
40055,"38,641"
40057,"37,988"
40059,"40,265"
40061,"41,643"
40063,"37,631"
40065,"48,430"
40067,"39,785"
40069,"41,805"
40071,"48,522"
40073,"68,839"
40075,"39,788"
40077,"42,014"
40079,"42,378"
40081,"51,012"
40083,"66,625"
40085,"51,481"
40087,"75,009"
40089,"40,803"
40091,"40,614"
40093,"59,690"
40095,"45,005"
40097,"49,293"
40099,"50,965"
40101,"43,392"
40103,"56,307"
40105,"47,456"
40107,"39,265"
40109,"56,272"
40111,"41,725"
40113,"50,667"
40115,"41,530"
40117,"47,646"
40119,"43,025"
40121,"47,215"
40123,"49,510"
40125,"52,747"
40127,"37,718"
40129,"59,286"
40131,"67,054"
40133,"40,725"
40135,"43,038"
40137,"47,826"
40139,"56,014"
40141,"41,251"
40143,"57,668"
40145,"65,191"
40147,"62,515"
40149,"50,823"
40151,"40,684"
40153,"73,253"
41000,"66,955"
41001,"48,530"
41003,"69,148"
41005,"80,539"
41007,"59,339"
41009,"72,285"
41011,"49,504"
41013,"58,739"
41015,"51,267"
41017,"71,880"
41019,"48,940"
41021,"61,205"
41023,"49,792"
41025,"39,874"
41027,"68,835"
41029,"56,367"
41031,"52,543"
41033,"47,533"
41035,"53,030"
41037,"47,867"
41039,"57,212"
41041,"52,276"
41043,"61,084"
41045,"42,019"
41047,"64,058"
41049,"59,781"
41051,"72,469"
41053,"69,757"
41055,"60,035"
41057,"52,298"
41059,"58,286"
41061,"54,264"
41063,"52,106"
41065,"56,993"
41067,"85,665"
41069,"42,747"
41071,"71,815"
42000,"63,455"
42001,"67,706"
42003,"64,799"
42005,"56,259"
42007,"60,323"
42009,"54,251"
42011,"67,418"
42013,"51,004"
42015,"51,356"
42017,"93,587"
42019,"72,576"
42021,"48,798"
42023,"43,704"
42025,"59,985"
42027,"61,036"
42029,"102,233"
42031,"49,173"
42033,"46,967"
42035,"50,777"
42037,"54,377"
42039,"49,741"
42041,"75,269"
42043,"60,763"
42045,"76,783"
42047,"55,462"
42049,"51,923"
42051,"48,055"
42053,"41,267"
42055,"62,699"
42057,"56,357"
42059,"56,599"
42061,"54,323"
42063,"51,299"
42065,"50,789"
42067,"57,837"
42069,"53,655"
42071,"67,515"
42073,"50,979"
42075,"61,560"
42077,"65,436"
42079,"53,439"
42081,"53,762"
42083,"53,266"
42085,"54,099"
42087,"50,571"
42089,"63,012"
42091,"92,340"
42093,"65,534"
42095,"73,780"
42097,"47,967"
42099,"65,401"
42101,"47,598"
42103,"66,595"
42105,"49,054"
42107,"55,951"
42109,"56,873"
42111,"49,082"
42113,"51,718"
42115,"60,235"
42117,"51,324"
42119,"61,306"
42121,"53,619"
42123,"52,592"
42125,"65,558"
42127,"56,265"
42129,"59,407"
42131,"60,419"
42133,"69,101"
44000,"70,383"
44001,"87,926"
44003,"74,230"
44005,"80,862"
44007,"62,165"
44009,"86,450"
45000,"56,360"
45001,"46,499"
45003,"56,824"
45005,"32,147"
45007,"54,496"
45009,"35,364"
45011,"36,675"
45013,"73,890"
45015,"68,690"
45017,"47,090"
45019,"70,980"
45021,"46,905"
45023,"45,400"
45025,"42,441"
45027,"39,900"
45029,"40,808"
45031,"44,007"
45033,"35,483"
45035,"68,051"
45037,"52,591"
45039,"42,496"
45041,"49,770"
45043,"53,747"
45045,"64,399"
45047,"43,958"
45049,"37,560"
45051,"53,648"
45053,"50,790"
45055,"56,318"
45057,"63,842"
45059,"47,038"
45061,"37,710"
45063,"62,059"
45065,"48,645"
45067,"35,138"
45069,"34,532"
45071,"50,773"
45073,"52,240"
45075,"38,736"
45077,"52,949"
45079,"52,905"
45081,"49,493"
45083,"55,588"
45085,"49,611"
45087,"42,851"
45089,"34,409"
45091,"68,468"
46000,"60,414"
46003,"56,360"
46005,"51,844"
46007,"36,345"
46009,"52,660"
46011,"59,036"
46013,"61,447"
46015,"65,008"
46017,"26,671"
46019,"50,105"
46021,"56,043"
46023,"51,340"
46025,"54,158"
46027,"51,039"
46029,"63,442"
46031,"32,848"
46033,"63,665"
46035,"57,367"
46037,"51,516"
46039,"65,217"
46041,"47,640"
46043,"56,030"
46045,"59,905"
46047,"49,965"
46049,"49,198"
46051,"60,057"
46053,"42,868"
46055,"50,747"
46057,"60,864"
46059,"56,239"
46061,"78,478"
46063,"55,482"
46065,"66,952"
46067,"59,336"
46069,"63,454"
46071,"37,879"
46073,"52,162"
46075,"52,650"
46077,"61,992"
46079,"63,946"
46081,"53,902"
46083,"86,235"
46085,"47,813"
46087,"62,535"
46089,"43,243"
46091,"59,103"
46093,"59,981"
46095,"36,489"
46097,"52,230"
46099,"63,162"
46101,"61,029"
46102,"34,078"
46103,"58,919"
46105,"49,999"
46107,"58,012"
46109,"49,088"
46111,"56,507"
46115,"54,666"
46117,"70,472"
46119,"61,791"
46121,"34,015"
46123,"50,503"
46125,"63,852"
46127,"83,910"
46129,"51,472"
46135,"60,868"
46137,"33,508"
47000,"56,047"
47001,"50,973"
47003,"50,539"
47005,"42,322"
47007,"42,730"
47009,"59,368"
47011,"52,534"
47013,"42,500"
47015,"52,960"
47017,"43,258"
47019,"39,964"
47021,"62,786"
47023,"50,769"
47025,"40,116"
47027,"36,694"
47029,"40,528"
47031,"54,931"
47033,"45,642"
47035,"49,142"
47037,"63,846"
47039,"45,215"
47041,"46,407"
47043,"59,126"
47045,"48,770"
47047,"67,345"
47049,"38,608"
47051,"54,319"
47053,"46,384"
47055,"50,847"
47057,"44,929"
47059,"44,975"
47061,"38,447"
47063,"46,842"
47065,"57,802"
47067,"31,938"
47069,"40,989"
47071,"44,510"
47073,"46,602"
47075,"38,950"
47077,"46,826"
47079,"43,159"
47081,"46,176"
47083,"40,915"
47085,"52,121"
47087,"41,749"
47089,"50,332"
47091,"40,219"
47093,"60,316"
47095,"34,059"
47097,"43,545"
47099,"43,448"
47101,"45,874"
47103,"54,558"
47105,"65,226"
47107,"49,836"
47109,"45,469"
47111,"44,334"
47113,"50,401"
47115,"47,675"
47117,"58,151"
47119,"66,434"
47121,"48,334"
47123,"50,506"
47125,"57,606"
47127,"61,804"
47129,"43,952"
47131,"44,061"
47133,"43,636"
47135,"42,939"
47137,"41,860"
47139,"45,922"
47141,"49,083"
47143,"47,599"
47145,"50,561"
47147,"65,790"
47149,"69,614"
47151,"38,750"
47153,"46,876"
47155,"54,476"
47157,"52,659"
47159,"54,570"
47161,"52,177"
47163,"51,303"
47165,"69,391"
47167,"61,436"
47169,"51,982"
47171,"44,548"
47173,"48,106"
47175,"44,451"
47177,"46,144"
47179,"51,879"
47181,"45,091"
47183,"42,506"
47185,"43,583"
47187,"119,637"
47189,"80,080"
48000,"64,044"
48001,"48,461"
48003,"74,918"
48005,"51,750"
48007,"53,085"
48009,"63,731"
48011,"64,424"
48013,"57,309"
48015,"68,311"
48017,"46,174"
48019,"59,604"
48021,"62,627"
48023,"41,539"
48025,"44,171"
48027,"54,831"
48029,"58,956"
48031,"68,404"
48033,"71,926"
48035,"55,179"
48037,"51,207"
48039,"83,704"
48041,"54,471"
48043,"48,581"
48045,"44,259"
48047,"31,410"
48049,"56,040"
48051,"61,745"
48053,"62,827"
48055,"55,301"
48057,"55,909"
48059,"50,812"
48061,"40,893"
48063,"47,091"
48065,"69,760"
48067,"44,529"
48069,"51,736"
48071,"93,351"
48073,"46,576"
48075,"44,095"
48077,"59,983"
48079,"43,742"
48081,"48,435"
48083,"44,834"
48085,"96,847"
48087,"40,314"
48089,"55,607"
48091,"87,976"
48093,"54,122"
48095,"43,321"
48097,"61,186"
48099,"53,083"
48101,"40,449"
48103,"68,626"
48105,"54,165"
48107,"38,871"
48109,"44,462"
48111,"55,793"
48113,"61,807"
48115,"48,165"
48117,"46,178"
48119,"51,348"
48121,"90,910"
48123,"52,544"
48125,"41,973"
48127,"40,315"
48129,"41,093"
48131,"37,100"
48133,"46,991"
48135,"65,564"
48137,"40,424"
48139,"78,341"
48141,"48,629"
48143,"53,044"
48145,"41,484"
48147,"56,123"
48149,"62,195"
48151,"51,053"
48153,"45,022"
48155,"38,615"
48157,"101,361"
48159,"50,630"
48161,"52,511"
48163,"40,360"
48165,"67,171"
48167,"73,214"
48169,"48,975"
48171,"62,143"
48173,"93,759"
48175,"56,758"
48177,"48,425"
48179,"52,543"
48181,"57,439"
48183,"53,137"
48185,"51,651"
48187,"78,801"
48189,"49,187"
48191,"35,940"
48193,"52,505"
48195,"58,703"
48197,"40,057"
48199,"62,616"
48201,"61,638"
48203,"55,171"
48205,"72,796"
48207,"38,613"
48209,"72,890"
48211,"71,299"
48213,"49,896"
48215,"41,656"
48217,"53,210"
48219,"51,149"
48221,"74,534"
48223,"50,332"
48225,"43,601"
48227,"61,112"
48229,"39,309"
48231,"57,513"
48233,"57,936"
48235,"68,630"
48237,"55,358"
48239,"55,800"
48241,"47,252"
48243,"53,362"
48245,"55,173"
48247,"38,788"
48249,"44,444"
48251,"66,538"
48253,"51,094"
48255,"54,843"
48257,"75,009"
48259,"94,899"
48261,"46,132"
48263,"52,591"
48265,"57,789"
48267,"44,757"
48269,"71,256"
48271,"47,076"
48273,"47,169"
48275,"40,808"
48277,"47,061"
48279,"42,719"
48281,"58,817"
48283,"41,683"
48285,"52,632"
48287,"59,250"
48289,"50,522"
48291,"53,274"
48293,"43,644"
48295,"65,388"
48297,"54,163"
48299,"55,617"
48301,"88,487"
48303,"54,733"
48305,"45,737"
48307,"43,262"
48309,"51,078"
48311,"68,349"
48313,"46,274"
48315,"37,876"
48317,"68,745"
48319,"54,914"
48321,"49,276"
48323,"40,017"
48325,"60,695"
48327,"38,425"
48329,"85,811"
48331,"48,989"
48333,"46,876"
48335,"44,457"
48337,"53,649"
48339,"88,833"
48341,"55,099"
48343,"43,304"
48345,"40,217"
48347,"46,207"
48349,"48,649"
48351,"45,890"
48353,"46,389"
48355,"56,079"
48357,"62,567"
48359,"59,404"
48361,"62,976"
48363,"50,159"
48365,"56,882"
48367,"82,501"
48369,"50,607"
48371,"52,763"
48373,"50,416"
48375,"41,138"
48377,"33,499"
48379,"65,657"
48381,"70,694"
48383,"67,384"
48385,"40,834"
48387,"41,325"
48389,"48,990"
48391,"46,883"
48393,"70,705"
48395,"47,016"
48397,"105,763"
48399,"48,650"
48401,"56,036"
48403,"43,778"
48405,"40,094"
48407,"42,633"
48409,"57,302"
48411,"46,061"
48413,"53,286"
48415,"56,299"
48417,"65,095"
48419,"39,708"
48421,"55,473"
48423,"59,538"
48425,"67,897"
48427,"32,516"
48429,"46,658"
48431,"66,790"
48433,"48,267"
48435,"63,427"
48437,"44,388"
48439,"70,130"
48441,"54,465"
48443,"45,677"
48445,"42,953"
48447,"42,746"
48449,"49,924"
48451,"54,774"
48453,"80,690"
48455,"43,788"
48457,"48,254"
48459,"53,078"
48461,"58,908"
48463,"44,690"
48465,"45,034"
48467,"55,554"
48469,"57,344"
48471,"47,519"
48473,"61,822"
48475,"61,396"
48477,"59,039"
48479,"52,576"
48481,"49,901"
48483,"58,544"
48485,"51,535"
48487,"42,570"
48489,"35,821"
48491,"92,661"
48493,"76,905"
48495,"64,894"
48497,"70,468"
48499,"56,945"
48501,"62,636"
48503,"52,643"
48505,"36,069"
48507,"32,538"
49000,"75,705"
49001,"58,309"
49003,"69,380"
49005,"63,180"
49007,"52,110"
49009,"63,433"
49011,"87,610"
49013,"59,437"
49015,"61,893"
49017,"54,625"
49019,"53,535"
49021,"58,307"
49023,"66,056"
49025,"55,887"
49027,"59,069"
49029,"101,943"
49031,"42,196"
49033,"64,583"
49035,"79,941"
49037,"49,438"
49039,"54,648"
49041,"58,983"
49043,"112,482"
49045,"80,196"
49047,"62,541"
49049,"79,505"
49051,"92,136"
49053,"64,388"
49055,"50,555"
49057,"71,835"
50000,"63,293"
50001,"73,574"
50003,"56,948"
50005,"50,942"
50007,"76,483"
50009,"45,796"
50011,"65,056"
50013,"68,364"
50015,"60,555"
50017,"59,758"
50019,"48,826"
50021,"51,903"
50023,"65,879"
50025,"52,068"
50027,"61,843"
51000,"76,471"
51001,"47,335"
51003,"86,332"
51005,"53,341"
51007,"60,096"
51009,"56,218"
51011,"54,609"
51013,"118,986"
51015,"63,621"
51017,"54,385"
51019,"66,591"
51021,"49,023"
51023,"74,178"
51025,"43,835"
51027,"36,881"
51029,"47,202"
51031,"48,984"
51033,"64,647"
51035,"45,698"
51036,"56,465"
51037,"43,001"
51041,"81,641"
51043,"85,567"
51045,"53,319"
51047,"79,739"
51049,"52,005"
51051,"37,161"
51053,"58,474"
51057,"53,538"
51059,"127,898"
51061,"103,827"
51063,"52,277"
51065,"75,089"
51067,"61,878"
51069,"83,672"
51071,"53,111"
51073,"71,715"
51075,"100,444"
51077,"41,312"
51079,"73,345"
51081,"47,315"
51083,"42,619"
51085,"90,824"
51087,"68,975"
51089,"41,908"
51091,"45,917"
51093,"78,749"
51095,"92,773"
51097,"54,185"
51099,"85,657"
51101,"73,035"
51103,"55,072"
51105,"35,878"
51107,"151,806"
51109,"64,135"
51111,"44,860"
51113,"66,397"
51115,"69,112"
51117,"43,128"
51119,"58,834"
51121,"58,740"
51125,"55,804"
51127,"102,619"
51131,"45,235"
51133,"60,385"
51135,"45,913"
51137,"71,691"
51139,"52,877"
51141,"43,568"
51143,"51,682"
51145,"94,293"
51147,"44,586"
51149,"74,518"
51153,"106,208"
51155,"54,086"
51157,"79,086"
51159,"49,758"
51161,"71,742"
51163,"58,501"
51165,"67,242"
51167,"40,345"
51169,"41,288"
51171,"59,087"
51173,"41,964"
51175,"62,327"
51177,"90,262"
51179,"109,090"
51181,"59,069"
51183,"45,134"
51185,"43,619"
51187,"69,878"
51191,"52,387"
51193,"54,885"
51195,"42,372"
51197,"48,543"
51199,"91,535"
51510,"102,589"
51520,"37,678"
51530,"44,752"
51540,"58,717"
51550,"77,361"
51570,"57,688"
51580,"41,842"
51590,"36,073"
51595,"38,631"
51600,"106,430"
51610,"137,849"
51620,"45,433"
51630,"62,121"
51640,"37,229"
51650,"55,816"
51660,"48,189"
51670,"38,293"
51678,"54,204"
51680,"50,612"
51683,"84,405"
51685,"83,145"
51690,"37,814"
51700,"53,022"
51710,"52,437"
51720,"38,062"
51730,"40,240"
51735,"98,217"
51740,"50,411"
51750,"41,530"
51760,"50,949"
51770,"45,534"
51775,"54,888"
51790,"54,296"
51800,"77,847"
51810,"78,491"
51820,"44,619"
51830,"56,569"
51840,"60,254"
53000,"78,674"
53001,"53,535"
53003,"54,776"
53005,"72,847"
53007,"59,838"
53009,"57,571"
53011,"80,407"
53013,"56,338"
53015,"57,316"
53017,"63,086"
53019,"47,463"
53021,"63,575"
53023,"54,555"
53025,"57,152"
53027,"59,346"
53029,"72,173"
53031,"60,556"
53033,"102,338"
53035,"79,268"
53037,"59,172"
53039,"60,567"
53041,"58,525"
53043,"60,849"
53045,"63,689"
53047,"44,777"
53049,"50,521"
53051,"51,950"
53053,"78,779"
53055,"69,113"
53057,"67,551"
53059,"69,163"
53061,"89,119"
53063,"59,976"
53065,"55,000"
53067,"77,890"
53069,"61,123"
53071,"60,202"
53073,"68,656"
53075,"45,906"
53077,"55,674"
54000,"48,659"
54001,"39,710"
54003,"63,012"
54005,"43,697"
54007,"39,651"
54009,"50,900"
54011,"42,125"
54013,"37,307"
54015,"41,923"
54017,"50,642"
54019,"41,430"
54021,"40,373"
54023,"47,400"
54025,"43,564"
54027,"54,811"
54029,"51,017"
54031,"46,658"
54033,"53,909"
54035,"50,808"
54037,"75,225"
54039,"48,334"
54041,"46,895"
54043,"43,198"
54045,"38,533"
54047,"29,106"
54049,"51,300"
54051,"53,145"
54053,"47,753"
54055,"41,794"
54057,"49,704"
54059,"34,698"
54061,"55,652"
54063,"44,655"
54065,"50,660"
54067,"40,023"
54069,"50,390"
54071,"43,451"
54073,"54,972"
54075,"39,454"
54077,"50,821"
54079,"66,991"
54081,"45,386"
54083,"46,285"
54085,"46,131"
54087,"41,671"
54089,"37,000"
54091,"48,294"
54093,"47,222"
54095,"48,345"
54097,"45,074"
54099,"42,095"
54101,"34,385"
54103,"46,824"
54105,"48,627"
54107,"49,209"
54109,"42,761"
55000,"64,177"
55001,"53,156"
55003,"47,202"
55005,"54,372"
55007,"58,065"
55009,"65,494"
55011,"58,407"
55013,"51,519"
55015,"80,354"
55017,"60,713"
55019,"54,296"
55021,"69,219"
55023,"51,919"
55025,"77,828"
55027,"61,730"
55029,"64,217"
55031,"55,651"
55033,"61,506"
55035,"64,972"
55037,"58,270"
55039,"65,905"
55041,"48,964"
55043,"56,418"
55045,"64,319"
55047,"59,458"
55049,"67,390"
55051,"48,813"
55053,"57,247"
55055,"71,098"
55057,"55,787"
55059,"66,460"
55061,"65,879"
55063,"59,758"
55065,"59,128"
55067,"49,597"
55069,"60,728"
55071,"61,326"
55073,"66,092"
55075,"54,404"
55077,"56,790"
55078,"40,300"
55079,"53,505"
55081,"60,296"
55083,"66,401"
55085,"62,765"
55087,"66,994"
55089,"90,446"
55091,"62,675"
55093,"75,368"
55095,"63,910"
55097,"58,248"
55099,"48,761"
55101,"61,691"
55103,"51,295"
55105,"61,624"
55107,"49,860"
55109,"87,098"
55111,"63,752"
55113,"53,908"
55115,"58,982"
55117,"62,108"
55119,"52,419"
55121,"61,687"
55123,"56,272"
55125,"55,576"
55127,"64,682"
55129,"52,735"
55131,"81,928"
55133,"91,070"
55135,"61,773"
55137,"55,476"
55139,"59,643"
55141,"57,325"
56000,"66,152"
56001,"52,216"
56003,"53,018"
56005,"83,997"
56007,"61,626"
56009,"72,481"
56011,"64,120"
56013,"57,953"
56015,"55,540"
56017,"52,344"
56019,"57,224"
56021,"69,613"
56023,"71,269"
56025,"66,104"
56027,"48,513"
56029,"59,494"
56031,"57,425"
56033,"64,030"
56035,"78,055"
56037,"80,639"
56039,"98,837"
56041,"70,756"
56043,"55,122"
56045,"59,410"
72000,
72001,
72003,
72005,
72007,
72009,
72011,
72013,
72015,
72017,
72019,
72021,
72023,
72025,
72027,
72029,
72031,
72033,
72035,
72037,
72039,
72041,
72043,
72045,
72047,
72049,
72051,
72053,
72054,
72055,
72057,
72059,
72061,
72063,
72065,
72067,
72069,
72071,
72073,
72075,
72077,
72079,
72081,
72083,
72085,
72087,
72089,
72091,
72093,
72095,
72097,
72099,
72101,
72103,
72105,
72107,
72109,
72111,
72113,
72115,
72117,
72119,
72121,
72123,
72125,
72127,
72129,
72131,
72133,
72135,
72137,
72139,
72141,
72143,
72145,
72147,
72149,
72151,
72153,